age_group,total_patients,readmission_rate
adult,13463,11.661591027259897
senior,10083,11.613607061390459
young,6678,11.560347409404013
