diabetes,hypertension,total_patients,readmission_rate
no,no,8415,9.60190136660725
no,yes,7458,12.188254223652454
yes,no,7480,12.553475935828878
yes,yes,6871,12.472711395721147
