discharge_destination,total_patients,readmission_rate
home,21477,9.628905340596917
nursing_facility,2891,16.430300933932894
rehab,5856,16.564207650273225
