risk_tier,total_patients,readmission_rate
high,2745,11.657559198542804
low,4990,12.024048096192384
medium,22489,11.530081373115745
