stay_category,total_patients,readmission_rate
critical,304,12.171052631578947
long,8531,11.663345446020395
medium,12842,11.283289207288584
short,8547,12.074412074412075
